id,cx,cy,dwell_sec,n_stays,n_teams,n_games
41,26970.1,-11132.4,2535,37,10,8
92,226.3,10208.5,2415,35,14,7
87,5287.4,6319.8,2115,33,9,8
83,10225.5,6365.8,1790,44,18,9
84,9527.6,1920.9,1760,36,11,6
461,35626.0,-4504.1,1700,31,12,3
79,-39125.6,9023.3,1600,31,5,4
360,-19442.1,-26008.9,1575,31,8,4
123,-10637.2,-1275.2,1470,14,4,2
85,7703.2,2544.1,1390,27,8,7
333,11422.2,29126.2,1350,29,7,5
113,8666.6,5345.8,1345,18,9,5
157,1317.1,15379.1,1190,31,6,6
331,7635.7,39595.6,1175,30,9,5
94,5877.1,7976.7,1100,26,12,6
375,-19733.9,-29657.0,1035,22,5,4
501,3040.5,30122.7,1030,21,4,4
69,-41425.2,11833.7,1015,20,3,3
370,-16196.4,-29908.5,970,20,5,4
579,11981.5,-23057.2,950,12,2,2
31,30935.7,-11493.3,940,21,6,5
586,4976.5,-10155.7,875,10,3,2
119,-6121.6,3871.6,865,20,5,3
39,34050.7,-3791.0,840,16,6,4
522,27240.2,25668.3,835,18,3,2
121,-11756.6,2661.3,820,19,3,3
283,-14431.1,-23608.0,815,15,3,3
27,-9034.1,30697.5,795,21,6,4
117,-9865.4,-355.9,745,13,2,2
885,17429.8,-30747.8,710,13,2,1
112,-108.0,7281.5,660,10,3,3
896,18482.8,-29466.4,660,6,2,1
444,27968.7,38604.0,655,11,1,1
325,7849.0,33694.6,635,19,5,5
551,26159.5,-14738.7,605,2,1,1
122,-12573.8,1589.2,590,10,2,2
472,22204.4,8735.7,590,12,4,4
135,-12681.9,-14790.7,585,13,4,4
210,8982.5,6818.5,575,13,6,4
332,4269.2,34259.5,570,13,6,4
1,-24020.4,33329.1,565,11,4,3
341,6374.6,42946.0,555,10,3,3
63,-31177.8,5659.6,550,12,4,2
47,25607.0,5755.4,545,10,3,3
140,-14352.0,-10291.7,540,14,6,6
107,-1019.1,14249.6,535,9,4,3
271,-40757.6,-3618.0,530,8,1,1
33,33300.3,-13679.8,525,14,6,6
685,1544.6,18566.5,520,6,2,2
5,-19411.1,32280.3,510,11,2,2
54,17124.4,-6526.3,500,11,7,6
104,-985.0,10956.8,500,10,4,3
141,-11707.2,-4556.4,500,7,2,2
82,-42166.2,9542.5,480,11,3,2
169,29641.6,-25936.5,480,10,2,2
631,13669.4,2691.0,480,3,1,1
909,16078.8,-26334.6,480,6,1,1
139,-18552.7,874.1,475,8,5,3
3,-7588.0,35541.3,465,12,3,3
233,25338.1,10187.7,465,11,5,4
294,-11050.8,-27527.5,465,13,5,4
189,19142.0,-30507.5,460,4,2,2
214,11422.8,5995.8,460,7,3,3
228,-374.8,14884.9,460,9,3,2
55,31252.8,-8019.8,455,11,5,5
72,-16424.1,6213.8,450,4,2,2
300,-13217.0,-18171.7,445,12,5,5
247,13247.1,3039.3,435,8,3,3
316,-37287.4,14376.2,435,11,3,3
454,26232.8,-12311.6,420,11,4,3
278,-2787.9,-16988.1,415,7,3,3
67,-38611.3,-3966.3,410,9,2,2
326,21396.7,39779.3,405,9,3,3
238,3533.8,23867.2,400,11,9,8
235,8605.2,6563.9,395,4,2,2
575,4807.4,-13543.6,390,10,2,2
163,19977.3,11735.6,380,11,3,3
395,12492.5,12431.4,380,9,6,6
307,-39471.2,17137.7,375,7,2,2
173,19428.4,-31701.8,370,3,3,2
334,13011.9,44837.0,370,6,2,2
344,4669.7,38381.9,370,10,4,4
291,-18208.9,-20988.8,365,8,4,4
467,34244.8,-1333.2,360,4,4,3
591,1134.1,-14027.0,360,7,3,2
12,-5552.6,34063.0,350,4,1,1
179,23035.6,-20427.9,345,9,4,3
359,-18990.2,-27374.1,345,6,3,3
174,26497.3,-13535.6,340,7,4,3
272,-1952.4,-12193.1,340,9,6,5
66,-41648.1,8886.7,335,6,3,2
286,-21179.5,-16745.0,330,9,6,5
95,12254.9,-2158.9,325,9,3,2
162,11140.8,23683.7,325,6,2,2
282,-8815.6,-17111.8,320,6,3,2
10,-7094.9,27475.2,315,4,2,2
158,11695.6,5484.0,315,4,4,4
338,7994.8,38561.5,310,4,2,2
634,-19425.8,15892.4,310,6,1,1
345,4098.0,38488.4,305,8,5,4
466,24663.7,-8262.5,305,5,4,3
523,25238.4,20446.8,295,3,1,1
216,4116.3,13855.1,290,8,2,2
390,20488.4,-1488.0,290,5,1,1
516,29968.2,19361.8,290,6,1,1
382,-26693.8,-25311.5,285,8,2,2
881,32817.4,676.8,285,4,1,1
377,-24309.3,-28160.3,280,1,1,1
497,11850.4,38450.6,280,4,2,1
802,14890.2,-29001.7,280,7,4,2
151,-12691.3,30483.4,275,6,3,2
276,-9370.6,-25130.0,275,8,3,3
6,-21845.9,20981.0,260,4,2,2
96,7463.7,214.3,260,6,3,3
456,39464.6,-6825.9,260,3,1,1
532,35571.8,25367.2,255,5,1,1
573,10652.1,-15795.3,255,6,2,1
698,2800.7,-7819.7,255,7,1,1
42,22490.9,-1988.9,250,5,2,2
50,25176.5,-8421.5,250,6,6,4
244,-4717.5,13745.9,250,6,4,4
191,25329.6,-25725.4,245,1,1,1
197,27683.2,-26179.4,245,7,2,2
409,-17238.6,-27939.9,245,2,2,1
887,19484.3,-25719.1,240,1,1,1
737,30556.2,11725.9,235,6,2,2
25,-15234.7,39004.3,230,6,3,3
353,-10361.6,3616.7,230,5,1,1
462,8985.2,-17411.4,230,5,4,4
521,21970.9,32417.8,230,4,1,1
611,-21670.2,32064.4,230,6,1,1
152,-14577.1,31731.8,225,5,2,2
313,-35458.1,23357.8,220,4,2,2
37,20153.0,5722.6,215,2,1,1
715,5447.5,-22627.9,215,6,2,2
295,-11215.2,-28013.2,210,6,4,4
597,8631.8,-16739.0,210,5,2,2
420,-16685.0,-30253.4,205,4,3,3
850,31005.1,-4613.4,205,3,2,2
23,-19609.6,26113.3,200,5,2,2
279,-16284.4,-22363.7,200,6,3,3
373,-26164.5,-21179.7,200,2,2,2
519,35430.6,21370.5,200,2,1,1
543,30110.1,-11392.4,200,4,2,2
908,17175.1,-30087.4,200,2,1,1
407,-11043.2,-32236.9,195,4,1,1
671,5162.3,28296.7,195,1,1,1
722,12204.7,41415.3,195,2,1,1
176,23969.3,-21640.8,190,2,1,1
201,22782.7,-28084.2,190,5,1,1
209,10726.3,4696.0,190,3,3,1
251,-40444.5,-11016.9,190,4,1,1
287,-11513.7,-25681.7,190,5,5,4
400,25633.4,12399.0,190,1,1,1
423,-5521.9,-27773.2,190,6,4,3
768,-32177.0,20864.3,190,4,2,2
125,-9952.3,669.3,185,4,2,1
301,-33392.7,18757.0,185,5,1,1
306,-39016.9,16359.0,185,4,3,3
505,11218.8,42063.5,185,3,1,1
19,-9647.7,27910.7,180,4,3,3
170,29313.7,-24519.6,180,3,2,2
547,32826.4,-14052.1,180,4,3,3
581,7087.0,-18230.6,180,2,2,1
49,24737.7,8530.9,175,3,3,3
172,17882.0,-32417.2,175,2,2,2
311,-34959.5,25184.3,175,3,1,1
358,-16945.2,-23387.6,175,3,2,2
371,-20522.2,-26237.2,175,3,2,2
483,-10013.0,-26271.1,175,3,1,1
18,-9483.8,27397.9,170,4,2,2
137,-10679.4,-2764.3,170,2,2,2
589,5268.0,-15332.8,170,5,2,2
598,6022.2,-20288.6,170,5,2,2
827,26841.2,7158.7,170,4,1,1
44,25594.8,1542.8,165,2,1,1
183,26772.2,-21300.5,165,5,1,1
260,-40374.8,-8667.8,165,5,1,1
361,-21388.6,-28451.3,165,1,1,1
855,36846.7,-14170.3,165,4,1,1
35,14459.1,6016.8,160,2,2,2
206,22103.6,-20519.6,160,1,1,1
346,12812.4,37014.6,160,1,1,1
392,25792.1,-8837.9,160,2,2,2
422,-17372.3,-28711.0,160,3,1,1
74,-41652.6,9398.7,155,4,2,2
118,-6773.6,310.1,155,3,2,2
376,-9183.3,-24779.6,155,4,2,2
441,17739.1,38459.2,155,5,3,3
491,7436.6,36178.6,155,3,3,3
181,18899.8,-32182.1,150,4,2,2
299,-9923.5,-26930.1,150,3,2,2
475,-12544.3,-24840.3,150,3,2,2
665,7686.8,29444.0,150,4,2,1
689,-3279.5,-10121.0,150,3,1,1
13,-18134.6,21548.3,145,3,1,1
207,8545.8,14967.5,145,2,2,2
217,10220.6,8818.9,145,2,1,1
220,15343.7,7776.4,145,1,1,1
273,-13856.1,-23860.7,145,2,2,2
623,-27205.1,23286.0,145,4,3,3
632,14671.3,6813.4,145,3,2,1
662,9339.4,30695.7,145,2,2,1
738,26255.3,5844.2,145,2,1,1
9,-27874.4,22380.2,140,2,1,1
26,-15203.9,38656.5,140,2,1,1
190,24995.5,-26282.4,140,3,2,2
195,22620.0,-32053.8,140,3,1,1
225,2883.0,4677.7,140,3,2,2
258,-40428.3,2076.8,140,2,1,1
343,2586.5,30286.4,140,4,2,2
378,-24068.8,-27999.8,140,2,1,1
451,31917.1,-7961.0,140,4,2,2
490,-10446.5,-28797.3,140,1,1,1
590,5311.1,-16114.8,140,3,1,1
854,39913.4,-5635.8,140,1,1,1
22,-19909.8,26312.1,135,3,2,2
416,-19136.2,-28983.1,135,1,1,1
479,-10693.8,-27969.9,135,3,3,1
507,-309.5,36684.4,135,3,1,1
52,31506.0,-4187.0,130,4,2,2
62,-31351.0,-4829.5,130,2,2,2
484,-18060.9,-18028.0,130,3,1,1
510,3900.0,39630.6,130,3,1,1
548,25484.5,-11075.4,130,2,1,1
557,26849.3,-12296.7,130,2,2,2
558,27282.8,-12222.4,130,3,2,2
702,1721.1,-12917.5,130,3,1,1
771,-40995.4,23022.5,130,3,1,1
775,-39010.1,874.6,130,1,1,1
805,29907.4,-20967.6,130,3,1,1
40,31529.5,-3778.5,125,3,3,2
155,-16165.5,38340.9,125,2,1,1
222,12876.5,12577.4,125,4,3,3
453,36771.0,-12174.4,125,3,1,1
457,38628.4,-6843.1,125,2,1,1
529,31902.2,28075.6,125,3,1,1
683,1628.4,21610.9,125,2,2,2
720,6594.8,43863.5,125,3,2,2
848,-38019.7,19242.1,125,1,1,1
894,15998.3,-30627.8,125,1,1,1
199,29024.9,-22205.0,120,3,2,2
290,-12064.0,-24604.5,120,3,2,2
418,3336.9,-25477.6,120,3,1,1
525,22751.8,27428.2,120,2,1,1
554,21937.2,-17992.5,120,2,2,2
658,-19444.6,25732.3,120,2,2,2
664,7451.9,29933.5,120,2,2,2
712,1198.3,-7298.6,120,1,1,1
717,3234.7,-18480.8,120,3,1,1
801,32966.4,-20124.2,120,2,2,1
126,-13964.5,3138.9,115,3,3,3
194,23426.7,-33313.1,115,2,1,1
215,11457.1,4894.1,115,2,2,2
414,-20399.6,-21729.2,115,3,1,1
754,6822.5,7127.8,115,3,1,1
144,-12682.7,2733.2,110,2,1,1
156,-14469.4,38712.8,110,3,2,2
243,-4457.6,14552.3,110,3,2,2
342,9381.4,41762.9,110,2,1,1
391,4891.1,-6029.0,110,3,2,2
520,33466.1,22575.2,110,1,1,1
620,-21931.8,32416.7,110,1,1,1
32,21704.4,6843.5,105,3,2,2
46,24123.6,5589.8,105,1,1,1
48,27438.2,5267.1,105,1,1,1
165,24892.6,10403.7,105,3,2,2
186,30534.1,-20999.3,105,2,2,2
203,20831.9,-17854.7,105,3,2,2
221,12341.4,3518.7,105,1,1,1
368,-17917.5,-20928.9,105,2,1,1
530,31548.2,28248.1,105,2,1,1
745,11249.7,5636.0,105,2,1,1
790,1502.4,16552.3,105,1,1,1
793,28859.9,-25835.0,105,3,1,1
813,-17597.5,-23501.7,105,1,1,1
852,37218.0,-8536.8,105,2,1,1
86,8962.8,1856.4,100,2,2,2
89,9539.1,-2279.2,100,2,2,1
153,-23591.1,34009.2,100,1,1,1
177,20764.5,-24478.9,100,1,1,1
264,-41406.1,-14660.6,100,2,1,1
425,17447.4,45850.4,100,2,1,1
458,37884.5,-7112.4,100,3,3,2
460,36399.2,-4050.3,100,2,1,1
469,22460.0,6727.9,100,3,1,1
482,-13525.0,-30148.5,100,1,1,1
580,8265.9,-19505.2,100,2,1,1
625,-23681.1,31755.4,100,2,1,1
663,-5233.5,14032.4,100,2,2,2
843,-39784.7,20479.7,100,2,1,1
865,34170.8,-5923.3,100,1,1,1
867,37011.0,-2369.0,100,1,1,1
131,-12686.4,4508.2,95,3,2,2
208,5617.0,3452.3,95,1,1,1
335,12094.0,43493.9,95,2,1,1
387,5923.8,2371.3,95,1,1,1
489,-11777.4,-28738.0,95,1,1,1
509,7466.4,38380.4,95,1,1,1
542,28566.4,26324.0,95,1,1,1
545,29744.7,-11477.3,95,2,2,2
652,-25539.5,8992.7,95,2,1,1
757,12998.6,3646.2,95,2,1,1
879,35442.2,-3345.2,95,2,1,1
901,15225.4,-29742.2,95,2,1,1
910,17990.3,-30067.1,95,1,1,1
134,-7688.8,1658.0,90,1,1,1
180,15262.5,-28546.5,90,2,2,2
257,-39031.3,-8621.9,90,2,1,1
297,-7688.0,-27814.0,90,2,2,2
398,26139.4,5103.2,90,2,1,1
468,13477.4,-7284.8,90,2,1,1
493,10967.2,22100.4,90,3,1,1
568,29635.0,-12015.9,90,2,1,1
584,7724.3,-19471.5,90,2,1,1
593,4152.6,-16811.1,90,1,1,1
606,-19980.0,29256.5,90,2,1,1
650,-17190.4,17522.8,90,1,1,1
892,16052.4,-31874.8,90,2,1,1
2,-14844.9,29562.4,85,1,1,1
232,11187.4,4354.8,85,2,1,1
415,-15420.4,-29176.3,85,1,1,1
442,25195.4,42129.9,85,2,1,1
488,-16357.3,-32539.8,85,2,1,1
524,24738.5,19249.4,85,2,1,1
527,28994.9,25144.1,85,2,1,1
544,29961.0,-12200.9,85,2,1,1
569,1916.1,-11753.1,85,2,2,2
605,-19616.5,29548.5,85,1,1,1
670,10813.0,29682.2,85,2,2,1
686,-546.3,25352.4,85,1,1,1
175,24171.5,-20480.5,80,1,1,1
178,22469.6,-20413.4,80,2,2,2
202,21117.9,-28900.0,80,2,1,1
205,20003.1,-33000.6,80,2,1,1
226,3787.2,6488.0,80,1,1,1
270,-27732.6,-5410.9,80,2,1,1
309,-42425.0,20637.8,80,2,1,1
314,-39036.3,23941.4,80,2,1,1
339,8000.7,40667.0,80,2,2,2
421,-14122.7,-28337.2,80,2,1,1
485,-22648.6,-20437.6,80,1,1,1
496,4773.9,42003.7,80,1,1,1
498,10059.6,38150.6,80,2,2,1
571,9936.0,-18649.4,80,2,1,1
707,-100.9,-10534.7,80,1,1,1
724,4818.5,36210.9,80,2,2,2
727,8104.4,37980.8,80,2,1,1
800,21665.1,-26257.9,80,2,1,1
821,27117.3,4308.2,80,2,1,1
900,14208.2,-27534.2,80,1,1,1
905,13148.5,-14958.8,80,1,1,1
45,24295.1,3840.8,75,2,2,1
58,34709.8,6951.3,75,2,2,2
120,-7592.8,2613.3,75,1,1,1
129,-15407.3,-917.4,75,1,1,1
192,2707.5,-33972.8,75,2,1,1
204,21716.5,-18903.1,75,2,2,1
212,-94.6,12593.0,75,2,1,1
250,13455.4,4257.0,75,2,2,2
321,-36650.1,18817.9,75,2,2,2
328,17646.0,38684.3,75,2,2,2
330,4036.7,32727.5,75,2,2,2
350,-8611.1,-4480.9,75,2,1,1
355,-13732.8,322.7,75,1,1,1
401,9235.9,806.6,75,2,1,1
500,8164.3,37540.6,75,1,1,1
535,28163.8,26241.5,75,2,2,1
556,28336.2,-14228.6,75,1,1,1
610,-16520.6,15957.6,75,2,2,2
636,-19328.9,19811.0,75,2,2,1
659,-30106.0,5661.6,75,2,1,1
661,7388.6,20249.2,75,2,2,1
669,12026.2,28019.2,75,1,1,1
733,21355.4,18623.5,75,2,1,1
749,4891.8,16082.4,75,2,1,1
776,-35879.3,5522.6,75,1,1,1
831,33545.4,10154.8,75,2,1,1
875,37782.9,-12397.9,75,1,1,1
886,16760.4,-30922.4,75,2,1,1
16,-6322.5,36905.3,70,2,1,1
116,10684.8,-2620.6,70,1,1,1
142,-8963.5,-2055.2,70,1,1,1
160,-1678.4,7783.8,70,1,1,1
166,11170.2,-990.6,70,2,2,2
188,29226.0,-27602.8,70,1,1,1
198,14010.5,-28615.4,70,2,2,2
268,-19160.5,33246.5,70,2,2,2
269,-34546.8,-7857.6,70,2,1,1
292,-6816.0,-19197.7,70,2,1,1
308,-39764.9,21361.0,70,2,1,1
389,21013.9,-2052.2,70,2,1,1
403,13269.1,2514.1,70,1,1,1
431,18614.0,20969.9,70,2,2,2
448,21059.7,32013.6,70,2,1,1
638,-22319.6,12687.1,70,2,2,2
679,259.5,12395.4,70,1,1,1
716,5171.6,-22457.2,70,2,2,2
719,2835.8,43973.2,70,1,1,1
732,2663.8,32320.3,70,2,2,2
764,6801.1,44049.0,70,1,1,1
866,32822.7,-11166.6,70,1,1,1
888,17258.2,-27969.1,70,1,1,1
21,-10942.9,26506.5,65,2,2,2
28,-14166.2,32085.1,65,2,2,2
154,-23361.1,34211.0,65,1,1,1
227,8237.9,6311.4,65,1,1,1
302,-35854.4,20934.8,65,2,2,2
336,10706.4,43996.4,65,2,1,1
366,-22157.8,-18362.5,65,2,1,1
474,25236.5,-4375.0,65,2,2,2
492,10910.5,22990.3,65,2,1,1
560,24256.3,-8107.7,65,2,1,1
613,-21986.1,30134.6,65,1,1,1
616,-16465.1,19206.2,65,2,2,2
635,-20931.9,18962.3,65,2,1,1
649,-16114.0,15725.6,65,2,1,1
742,24783.6,17205.5,65,2,1,1
752,-4864.9,14185.5,65,2,2,2
777,-46.3,18523.2,65,2,1,1
789,4588.2,15400.0,65,1,1,1
796,21440.5,-18288.1,65,2,1,1
824,17270.6,-6987.0,65,2,1,1
30,30671.8,-12006.5,60,2,2,2
90,9043.7,-2777.1,60,1,1,1
98,11397.4,-1651.1,60,1,1,1
128,-13549.1,2164.6,60,1,1,1
130,-12760.9,5060.3,60,2,1,1
138,-8545.2,-7015.8,60,1,1,1
236,-30.9,1786.7,60,1,1,1
246,7660.2,4002.4,60,1,1,1
288,-11697.3,-24962.3,60,2,2,2
289,-11561.3,-24711.1,60,2,2,2
293,-6183.1,-18772.8,60,2,1,1
385,22974.0,8131.0,60,2,1,1
399,8843.2,-40.0,60,2,2,1
405,-6389.3,-33647.1,60,1,1,1
412,-18217.6,-27857.7,60,1,1,1
424,-7966.2,-28258.3,60,2,2,2
447,26360.5,36514.2,60,2,1,1
463,29152.4,-12043.2,60,2,1,1
504,12594.5,42663.1,60,1,1,1
526,29255.9,25050.0,60,1,1,1
574,6880.1,-16675.9,60,1,1,1
582,6530.5,-16713.1,60,2,1,1
618,-23461.6,32681.0,60,1,1,1
646,-19244.0,18873.3,60,1,1,1
687,4210.7,-4217.0,60,2,1,1
699,2367.8,-10079.7,60,1,1,1
746,9530.9,2644.2,60,1,1,1
891,15450.6,-34451.4,60,1,1,1
