gx,gy,value,coverage
0,0,0.0000,0
1,0,0.0000,0
2,0,0.0000,0
3,0,0.0000,0
4,0,0.0000,0
5,0,0.0000,0
6,0,0.0000,0
7,0,0.0000,0
8,0,0.0000,0
9,0,0.0000,0
10,0,0.0000,0
11,0,0.0000,0
12,0,0.0010,1
13,0,0.0010,1
14,0,0.0000,0
15,0,0.0019,1
16,0,0.0019,1
17,0,0.0000,0
18,0,0.0000,0
19,0,0.0000,0
20,0,0.0000,0
21,0,0.0000,0
22,0,0.0000,0
23,0,0.0000,0
24,0,0.0000,0
25,0,0.0000,0
26,0,0.0000,0
27,0,0.0000,0
28,0,0.0000,0
29,0,0.0000,0
0,1,0.0000,0
1,1,0.0000,0
2,1,0.0000,0
3,1,0.0000,0
4,1,0.0000,0
5,1,0.0000,0
6,1,0.0000,0
7,1,0.0000,0
8,1,0.0000,0
9,1,0.0000,0
10,1,0.0000,0
11,1,0.0010,1
12,1,0.0000,0
13,1,0.0000,0
14,1,0.0000,0
15,1,-0.0256,7
16,1,-0.1433,18
17,1,0.0009,5
18,1,-0.0000,1
19,1,0.0000,0
20,1,0.0000,0
21,1,0.0000,0
22,1,0.0000,0
23,1,0.0000,0
24,1,0.0000,0
25,1,0.0000,0
26,1,0.0000,0
27,1,0.0000,0
28,1,0.0000,0
29,1,0.0000,0
0,2,0.0000,0
1,2,0.0000,0
2,2,0.0000,0
3,2,0.0000,0
4,2,0.0000,0
5,2,0.0000,0
6,2,0.0000,0
7,2,0.0000,0
8,2,0.0000,0
9,2,0.0000,0
10,2,0.0000,0
11,2,0.0010,1
12,2,0.0000,0
13,2,0.0000,0
14,2,0.0000,0
15,2,-0.0143,25
16,2,-0.0050,27
17,2,-0.0891,16
18,2,0.0127,3
19,2,0.0136,7
20,2,0.0916,16
21,2,-0.2345,14
22,2,-0.0000,1
23,2,0.0000,0
24,2,0.0000,0
25,2,0.0000,0
26,2,0.0000,0
27,2,0.0000,0
28,2,0.0000,0
29,2,0.0000,0
0,3,0.0000,0
1,3,0.0000,0
2,3,0.0000,0
3,3,-0.0184,3
4,3,0.0000,0
5,3,0.0000,0
6,3,0.0000,0
7,3,0.0000,0
8,3,0.1597,2
9,3,1.0335,2
10,3,0.0048,2
11,3,0.0038,1
12,3,0.0000,0
13,3,-0.0595,2
14,3,0.0420,6
15,3,0.0528,17
16,3,0.1167,17
17,3,-0.0404,11
18,3,-0.2226,21
19,3,-0.3317,21
20,3,0.3347,36
21,3,-0.5971,31
22,3,-0.0904,6
23,3,0.0000,0
24,3,0.0000,0
25,3,0.0000,0
26,3,-0.0152,2
27,3,0.0000,0
28,3,0.0000,0
29,3,0.0000,0
0,4,0.0000,0
1,4,0.0000,0
2,4,-0.0155,4
3,4,-0.1246,12
4,4,0.0000,0
5,4,0.0000,0
6,4,-0.0047,1
7,4,0.2106,2
8,4,1.4776,7
9,4,0.3502,15
10,4,0.0657,4
11,4,-0.2608,4
12,4,0.0566,4
13,4,0.1778,10
14,4,0.2230,12
15,4,0.1743,19
16,4,0.0922,11
17,4,-0.0353,16
18,4,-0.1259,16
19,4,-0.0454,13
20,4,0.3501,23
21,4,0.7811,24
22,4,-0.0425,7
23,4,-0.5832,6
24,4,-0.0120,4
25,4,-0.0286,10
26,4,-0.0054,5
27,4,0.0000,0
28,4,0.0000,0
29,4,0.0000,0
0,5,0.0000,0
1,5,-0.0316,2
2,5,-0.0504,12
3,5,0.0001,9
4,5,0.0317,1
5,5,0.0165,2
6,5,-0.0047,1
7,5,0.0864,2
8,5,1.0315,19
9,5,-0.2177,26
10,5,-0.1698,25
11,5,-0.8300,18
12,5,0.0511,10
13,5,-0.0089,13
14,5,0.0778,23
15,5,0.3993,20
16,5,0.0393,14
17,5,-0.1386,17
18,5,-0.0202,7
19,5,-0.0563,7
20,5,-0.9618,14
21,5,-0.3284,12
22,5,-0.1606,19
23,5,-0.2323,9
24,5,-0.0387,16
25,5,-0.8561,24
26,5,0.1136,17
27,5,0.0000,0
28,5,0.0000,0
29,5,0.0000,0
0,6,0.0000,0
1,6,0.0030,4
2,6,-0.4434,23
3,6,-0.2373,18
4,6,0.0049,2
5,6,-0.0326,2
6,6,0.1798,1
7,6,0.1164,1
8,6,0.5282,13
9,6,-0.2824,25
10,6,-0.5114,31
11,6,0.2320,21
12,6,0.0294,12
13,6,0.0104,7
14,6,0.0638,10
15,6,0.0075,6
16,6,-0.2967,17
17,6,-1.2301,25
18,6,0.0685,7
19,6,2.2050,12
20,6,-0.0924,3
21,6,-0.0045,2
22,6,-0.0549,16
23,6,-0.0966,17
24,6,0.1016,27
25,6,0.3941,28
26,6,-0.0096,16
27,6,-0.0767,1
28,6,0.0000,0
29,6,0.0000,0
0,7,0.0000,0
1,7,-0.0093,1
2,7,-0.5029,23
3,7,-0.2845,22
4,7,-0.3573,17
5,7,-0.2174,9
6,7,0.0453,9
7,7,0.2645,4
8,7,0.1954,9
9,7,0.0420,14
10,7,-0.3511,22
11,7,0.0243,13
12,7,-0.1015,6
13,7,-0.0320,13
14,7,0.0665,9
15,7,0.0226,2
16,7,-0.0672,6
17,7,0.0856,58
18,7,0.8066,52
19,7,-0.3419,9
20,7,-0.0200,5
21,7,-0.0116,3
22,7,1.6363,28
23,7,-0.7673,24
24,7,-0.2325,35
25,7,0.5532,20
26,7,0.4175,11
27,7,-0.0729,8
28,7,-0.1533,4
29,7,0.0000,0
0,8,0.0000,0
1,8,-0.0100,1
2,8,-0.4353,16
3,8,-0.2740,16
4,8,-0.4525,17
5,8,-0.5857,18
6,8,-0.1294,8
7,8,-0.9476,9
8,8,0.0746,7
9,8,0.0639,8
10,8,-0.0744,19
11,8,0.0727,12
12,8,0.0741,14
13,8,-0.0181,14
14,8,-0.4363,18
15,8,0.0008,1
16,8,0.1527,11
17,8,1.0829,62
18,8,-0.4031,60
19,8,-0.2178,49
20,8,0.3482,34
21,8,0.0279,23
22,8,0.0745,26
23,8,-0.0285,18
24,8,0.0777,19
25,8,0.0868,8
26,8,-0.0036,3
27,8,-0.4456,5
28,8,-0.2797,6
29,8,-0.0072,1
0,9,0.0000,0
1,9,-0.0500,5
2,9,-0.1887,8
3,9,-0.0365,13
4,9,-0.0257,5
5,9,-0.1382,17
6,9,-0.0042,7
7,9,0.0986,8
8,9,0.0095,5
9,9,0.0080,7
10,9,-0.6616,18
11,9,0.1249,18
12,9,-0.0603,6
13,9,-0.0538,4
14,9,-0.1184,30
15,9,1.1730,21
16,9,0.2543,45
17,9,-0.0689,28
18,9,0.0993,20
19,9,-0.3993,27
20,9,-0.4339,33
21,9,0.1103,32
22,9,-0.1859,24
23,9,0.0306,37
24,9,-0.9895,54
25,9,0.5090,38
26,9,-1.8847,11
27,9,-0.0036,11
28,9,-0.5252,10
29,9,0.1507,2
0,10,0.0000,0
1,10,-0.0529,7
2,10,-0.0581,5
3,10,-0.2170,13
4,10,-0.1061,8
5,10,-0.0333,12
6,10,-0.0043,11
7,10,0.0691,7
8,10,0.0285,13
9,10,-0.2456,17
10,10,-0.5700,23
11,10,0.0042,12
12,10,-0.0484,2
13,10,-0.0571,11
14,10,-0.2158,41
15,10,-0.2649,70
16,10,-0.7951,34
17,10,-0.0577,16
18,10,-0.0667,7
19,10,-0.0860,3
20,10,0.0152,5
21,10,-0.0213,22
22,10,0.0288,21
23,10,0.0718,31
24,10,1.0326,55
25,10,0.5563,52
26,10,0.5299,33
27,10,0.4305,17
28,10,-0.0138,4
29,10,0.0919,6
0,11,0.0095,1
1,11,0.0818,7
2,11,0.0044,7
3,11,-0.1717,7
4,11,-0.0073,12
5,11,0.2146,24
6,11,0.0862,37
7,11,0.0645,14
8,11,0.0194,5
9,11,-0.1222,15
10,11,-0.1984,20
11,11,-0.0486,13
12,11,-0.0518,20
13,11,-0.0932,27
14,11,-0.4240,53
15,11,-0.2050,60
16,11,0.0352,37
17,11,-0.0600,13
18,11,-0.0079,3
19,11,-0.1869,11
20,11,-0.0536,18
21,11,2.0226,31
22,11,0.1406,18
23,11,-0.0166,27
24,11,0.5927,23
25,11,-0.2469,24
26,11,-0.5933,39
27,11,-0.3446,22
28,11,0.0679,10
29,11,0.0973,6
0,12,-0.0082,1
1,12,-0.0603,8
2,12,-0.0255,8
3,12,-0.1230,4
4,12,0.1852,9
5,12,-0.0993,21
6,12,0.0263,24
7,12,-0.0866,18
8,12,0.0101,5
9,12,-0.0028,7
10,12,-0.1995,18
11,12,-0.1591,25
12,12,-0.4586,42
13,12,-0.1376,32
14,12,-0.2322,42
15,12,-0.6129,58
16,12,-0.3398,48
17,12,-0.3398,40
18,12,-0.2764,24
19,12,-0.2645,19
20,12,-0.1056,21
21,12,1.2192,29
22,12,-0.0854,30
23,12,-0.4554,35
24,12,-0.1710,25
25,12,0.6083,24
26,12,0.5208,34
27,12,2.1460,35
28,12,0.1426,11
29,12,0.2850,7
0,13,-0.0161,2
1,13,-0.0850,6
2,13,0.0123,10
3,13,-0.0729,7
4,13,0.0028,15
5,13,0.0034,10
6,13,0.0084,20
7,13,0.0835,20
8,13,-0.0651,28
9,13,-0.0312,9
10,13,-0.0852,27
11,13,-0.1275,36
12,13,-0.2268,19
13,13,-0.0508,9
14,13,0.0156,22
15,13,-0.4024,34
16,13,0.0799,13
17,13,-0.2088,31
18,13,-0.1270,18
19,13,-0.9246,19
20,13,-0.0285,8
21,13,-0.0198,11
22,13,-0.4252,48
23,13,-0.2252,38
24,13,0.2031,36
25,13,-0.0660,29
26,13,-0.1053,23
27,13,0.3837,23
28,13,0.4188,13
29,13,0.0789,4
0,14,-0.0170,6
1,14,0.1547,10
2,14,-0.0370,19
3,14,-0.8588,37
4,14,-0.1617,26
5,14,-0.1272,25
6,14,-0.1963,26
7,14,-0.0403,29
8,14,-0.1414,38
9,14,-0.0515,50
10,14,-0.3356,62
11,14,-0.3283,48
12,14,-0.1545,14
13,14,-0.0468,8
14,14,-0.0050,12
15,14,-0.0371,27
16,14,-0.0708,9
17,14,-0.6795,27
18,14,-0.9664,41
19,14,-0.0345,22
20,14,-0.0086,1
21,14,-0.0287,10
22,14,-0.0457,25
23,14,-0.0638,20
24,14,-0.0619,13
25,14,0.0314,17
26,14,-0.2286,20
27,14,-0.0010,22
28,14,-0.1555,19
29,14,0.0000,0
0,15,-0.0029,1
1,15,-0.0224,11
2,15,-0.4795,39
3,15,-1.4185,45
4,15,-0.3461,43
5,15,-0.1015,20
6,15,-0.0107,22
7,15,-0.0101,19
8,15,-0.1367,26
9,15,0.2145,52
10,15,-0.7140,90
11,15,-0.0949,41
12,15,-0.2061,25
13,15,-0.1896,25
14,15,-0.0409,24
15,15,-0.0060,18
16,15,-0.3034,16
17,15,-0.9258,28
18,15,2.9918,52
19,15,0.5548,22
20,15,0.0092,3
21,15,-0.1217,21
22,15,-0.0089,16
23,15,-0.0306,34
24,15,0.0939,25
25,15,0.1247,17
26,15,-0.0103,1
27,15,-0.1698,17
28,15,-0.0112,5
29,15,0.0000,0
0,16,0.0019,2
1,16,-0.1995,21
2,16,-0.0518,23
3,16,-0.1906,23
4,16,0.1061,34
5,16,-0.0263,26
6,16,-0.1243,21
7,16,-0.0189,3
8,16,-0.0077,1
9,16,0.0131,9
10,16,-0.0845,20
11,16,-0.0358,34
12,16,-0.0364,21
13,16,-0.1368,24
14,16,-0.1293,29
15,16,-0.0673,32
16,16,-0.4900,40
17,16,-1.5538,48
18,16,1.5824,74
19,16,0.7122,40
20,16,-0.4871,31
21,16,0.1150,31
22,16,-0.1867,28
23,16,0.3071,55
24,16,-0.2383,27
25,16,-0.1363,10
26,16,-0.0851,9
27,16,0.1325,19
28,16,0.0203,6
29,16,0.0000,0
0,17,2.3732,10
1,17,-1.5087,15
2,17,0.2884,20
3,17,0.1319,11
4,17,-0.0959,7
5,17,-0.0125,6
6,17,-2.0358,16
7,17,-0.4895,16
8,17,-0.5464,11
9,17,-0.0069,8
10,17,-0.1241,14
11,17,-0.1133,37
12,17,-0.1511,31
13,17,-0.3914,27
14,17,-0.1787,48
15,17,2.0170,66
16,17,-0.0965,36
17,17,-0.0799,10
18,17,-0.0476,19
19,17,-0.1153,38
20,17,-0.1014,26
21,17,-0.0504,12
22,17,0.4449,22
23,17,-1.0090,90
24,17,2.0217,75
25,17,1.1347,34
26,17,0.3325,16
27,17,-0.0769,12
28,17,-0.1357,6
29,17,0.0012,1
0,18,1.8470,2
1,18,-0.0219,6
2,18,0.1761,19
3,18,-0.0566,4
4,18,-0.0592,3
5,18,-0.0517,6
6,18,0.0590,15
7,18,1.2419,16
8,18,0.1694,10
9,18,-0.0765,34
10,18,-0.1224,37
11,18,-0.0437,32
12,18,-0.1854,32
13,18,-0.3035,22
14,18,-0.1821,34
15,18,-0.2030,71
16,18,-0.0524,24
17,18,0.0125,26
18,18,-0.0879,39
19,18,0.4389,53
20,18,-0.1221,40
21,18,-0.1835,35
22,18,-0.1702,46
23,18,-0.4677,68
24,18,0.3493,69
25,18,2.4417,19
26,18,-0.2554,14
27,18,-0.1549,15
28,18,-0.2443,11
29,18,-0.0179,3
0,19,-0.0015,1
1,19,1.2881,15
2,19,0.7924,26
3,19,0.2101,13
4,19,0.1276,12
5,19,0.1492,9
6,19,0.2493,9
7,19,0.4402,19
8,19,2.1987,32
9,19,0.8816,33
10,19,0.0118,5
11,19,0.0396,9
12,19,0.0625,22
13,19,-0.5651,25
14,19,-0.4514,38
15,19,-0.4888,71
16,19,-0.3856,33
17,19,-0.3577,32
18,19,0.2526,26
19,19,0.0276,17
20,19,-0.2388,31
21,19,0.1448,36
22,19,0.1000,24
23,19,0.1708,15
24,19,0.1897,18
25,19,0.3079,10
26,19,0.0400,4
27,19,-0.0585,5
28,19,-0.0691,7
29,19,-0.0529,4
0,20,-0.2281,11
1,20,1.4082,28
2,20,1.8278,32
3,20,0.4143,29
4,20,0.0298,7
5,20,0.0150,2
6,20,0.2136,11
7,20,0.3075,27
8,20,-0.1094,44
9,20,0.1788,41
10,20,0.3443,19
11,20,0.0117,4
12,20,0.0054,17
13,20,-0.0769,29
14,20,0.1362,22
15,20,1.6824,37
16,20,0.0981,24
17,20,0.4741,35
18,20,-0.0470,10
19,20,-0.0058,6
20,20,-0.3276,45
21,20,-0.1134,42
22,20,-0.0909,30
23,20,-0.0801,5
24,20,0.0093,17
25,20,-0.3789,8
26,20,-0.0060,2
27,20,-0.0176,3
28,20,-0.0273,7
29,20,0.0012,1
0,21,0.0441,4
1,21,0.2797,17
2,21,0.8864,27
3,21,0.1580,26
4,21,-0.0417,12
5,21,-0.4306,14
6,21,-0.0719,4
7,21,0.4480,14
8,21,-0.5113,40
9,21,-0.0679,19
10,21,-0.1465,19
11,21,-0.0031,8
12,21,-0.1276,38
13,21,-0.3503,38
14,21,0.0325,23
15,21,-0.4855,46
16,21,-0.1379,39
17,21,-0.2037,22
18,21,-0.1691,27
19,21,-0.0333,37
20,21,-0.8036,46
21,21,-1.2631,46
22,21,-0.4125,26
23,21,-0.0478,3
24,21,-0.0983,10
25,21,0.1472,12
26,21,-0.0451,5
27,21,-0.4653,7
28,21,-0.2315,5
29,21,-0.0380,1
0,22,0.2141,1
1,22,0.0317,8
2,22,0.0837,11
3,22,0.0392,7
4,22,-0.0708,11
5,22,-1.0641,21
6,22,-0.1074,12
7,22,-0.0371,15
8,22,-0.3188,24
9,22,-0.0110,3
10,22,-0.0457,25
11,22,-0.2280,41
12,22,-0.1911,36
13,22,-0.1127,17
14,22,0.6775,33
15,22,-0.2027,36
16,22,-0.9291,45
17,22,-0.1731,19
18,22,-0.0284,29
19,22,0.7985,25
20,22,-0.0949,10
21,22,-0.0390,3
22,22,-0.2751,24
23,22,-0.0472,4
24,22,-0.5572,10
25,22,2.8419,33
26,22,0.2251,19
27,22,0.0234,15
28,22,-0.0221,3
29,22,0.0000,0
0,23,0.0000,0
1,23,0.0000,0
2,23,0.0000,0
3,23,0.0000,0
4,23,-0.2141,6
5,23,-0.6883,10
6,23,-0.7873,16
7,23,-0.0401,23
8,23,0.4213,28
9,23,-0.0167,26
10,23,-0.6979,42
11,23,-0.6548,62
12,23,-0.6176,29
13,23,-0.2119,26
14,23,0.0781,15
15,23,0.2788,16
16,23,-0.2329,23
17,23,-0.0996,22
18,23,-0.0159,24
19,23,0.1073,16
20,23,-0.0326,3
21,23,-0.0562,4
22,23,-0.0686,17
23,23,-0.3428,20
24,23,-0.0796,20
25,23,-0.0932,33
26,23,1.9159,29
27,23,0.1334,11
28,23,-0.1042,15
29,23,0.0000,0
0,24,0.0000,0
1,24,0.0000,0
2,24,0.0000,0
3,24,0.0000,0
4,24,-0.0154,1
5,24,-0.1598,3
6,24,-0.2148,23
7,24,0.0355,28
8,24,-0.6099,23
9,24,-0.3631,21
10,24,-0.3996,32
11,24,0.1281,29
12,24,-0.5336,31
13,24,-0.1570,12
14,24,-0.0244,3
15,24,0.3042,7
16,24,0.3774,24
17,24,1.1825,23
18,24,0.7262,36
19,24,-0.2046,26
20,24,-0.0485,8
21,24,-0.0443,3
22,24,-0.1574,13
23,24,-0.2055,35
24,24,0.1849,26
25,24,-0.1467,22
26,24,-0.5154,28
27,24,-0.2216,17
28,24,-0.3613,17
29,24,0.0000,0
0,25,0.0000,0
1,25,0.0000,0
2,25,0.0000,0
3,25,0.0000,0
4,25,0.0000,0
5,25,-0.0128,4
6,25,-1.3547,39
7,25,1.1582,39
8,25,0.3190,32
9,25,-0.9156,26
10,25,-0.4172,18
11,25,-0.0874,8
12,25,-0.2130,19
13,25,-0.3475,13
14,25,0.0000,0
15,25,-0.0618,6
16,25,3.2992,32
17,25,1.8911,33
18,25,0.9580,23
19,25,-0.0605,8
20,25,-0.0971,19
21,25,0.0109,14
22,25,-0.2836,19
23,25,-0.1000,18
24,25,-0.0104,12
25,25,-0.0768,6
26,25,-0.0374,3
27,25,-0.1113,7
28,25,-0.0290,2
29,25,0.0000,0
0,26,0.0000,0
1,26,0.0000,0
2,26,0.0000,0
3,26,0.0000,0
4,26,-0.0054,1
5,26,-0.7171,23
6,26,-0.6231,31
7,26,0.0048,6
8,26,-0.0200,15
9,26,-0.0973,16
10,26,-0.1090,7
11,26,-0.0716,6
12,26,-0.2659,19
13,26,-0.6180,17
14,26,-0.8481,13
15,26,-0.3197,26
16,26,-0.2815,37
17,26,-0.2819,41
18,26,0.1482,14
19,26,-0.0012,5
20,26,0.0275,10
21,26,0.3499,14
22,26,-0.0694,7
23,26,-0.0921,18
24,26,0.0955,16
25,26,-0.0294,6
26,26,0.0004,1
27,26,0.0000,0
28,26,0.0000,0
29,26,0.0000,0
0,27,0.0000,0
1,27,0.0000,0
2,27,0.0000,0
3,27,0.0000,0
4,27,0.0000,0
5,27,-0.3117,18
6,27,-0.1226,14
7,27,0.0000,0
8,27,-0.0000,1
9,27,-0.2960,3
10,27,-0.1290,4
11,27,-0.0077,2
12,27,-0.0261,3
13,27,-0.0303,4
14,27,0.0000,0
15,27,-0.0461,12
16,27,0.8759,15
17,27,3.4783,38
18,27,0.1634,15
19,27,0.0923,13
20,27,0.0365,13
21,27,-0.3971,13
22,27,-0.5642,17
23,27,-0.1645,19
24,27,-0.3493,41
25,27,-0.1711,20
26,27,-0.0235,2
27,27,0.0000,0
28,27,0.0000,0
29,27,0.0000,0
0,28,0.0000,0
1,28,0.0000,0
2,28,0.0000,0
3,28,0.0000,0
4,28,0.0000,0
5,28,0.0000,0
6,28,0.0000,0
7,28,0.0000,0
8,28,0.0000,0
9,28,0.0000,0
10,28,0.0000,0
11,28,-0.0264,1
12,28,-0.0000,1
13,28,-0.0787,7
14,28,-0.0032,1
15,28,0.0000,0
16,28,-0.1200,5
17,28,-0.5999,12
18,28,-0.0696,6
19,28,-0.5099,6
20,28,-0.0529,6
21,28,-0.0612,11
22,28,-0.0841,10
23,28,-0.1035,17
24,28,-0.1318,31
25,28,-0.1374,31
26,28,0.0000,0
27,28,0.0000,0
28,28,0.0000,0
29,28,0.0000,0
0,29,0.0000,0
1,29,0.0000,0
2,29,0.0000,0
3,29,0.0000,0
4,29,0.0000,0
5,29,0.0000,0
6,29,0.0000,0
7,29,0.0000,0
8,29,0.0000,0
9,29,0.0000,0
10,29,0.0000,0
11,29,0.0000,0
12,29,-0.0132,1
13,29,-0.0132,2
14,29,-0.0544,7
15,29,-0.0948,4
16,29,-0.4026,6
17,29,-0.9501,10
18,29,-0.1205,6
19,29,-0.0688,4
20,29,-0.0400,4
21,29,-0.1296,5
22,29,0.0000,0
23,29,0.0000,0
24,29,0.0387,11
25,29,-0.0099,11
26,29,0.0000,0
27,29,0.0000,0
28,29,0.0000,0
29,29,0.0000,0
